,ref,lea name,url
0,SB978-703,Baldwin Park Police Department,https://web.archive.org/web/20230719150234/https://www.baldwinparkpolice.com/Search?searchPhrase=manual
1,SB978-704,Bell Police Department,https://web.archive.org/web/20130825153531/http://cityofbell.org/?navid=1
2,SB978-705,Bishop Police Department,https://web.archive.org/web/20150721005207/http://www.cityofbishop.com/departments/police/
3,SB978-706,Burbank-Glendale-Pasadena Airport Authority Police Department,https://web.archive.org/web/20200509135050/https://hollywoodburbankairport.com/airport-authority/bgpaa-police/
4,SB978-710,Carmel Police Department,https://web.archive.org/web/20010608065944/http://www.ci.carmel.ca.us/
5,SB978-711,Cerritos Community College District Police Department,https://web.archive.org/web/20180319152651/http://www.cerritos.edu/police/default.htm
6,SB978-714,Coast Community College District Police Department,https://web.archive.org/web/20200918234132/https://www.goldenwestcollege.edu/public-safety/index.html
7,SB978-715,Compton Community College Police Department,https://web.archive.org/web/20230513210125/https://www.compton.edu/campus-safety/index.aspx
8,SB978-718,Corning Police Department,https://web.archive.org/web/20210622003243/https://www.corning.org/departments/police-department/
9,SB978-719,Crescent City Police Department,https://web.archive.org/web/20210422101349/https://www.crescentcity.org/departments/Police
10,SB978-720,CSU Maritime Academy Police Department,https://web.archive.org/web/20201123225923/https://www.csum.edu/police-department/
11,SB978-721,CSU San Francisco Police Department,https://web.archive.org/web/20151120121405/http://upd.sfsu.edu/
12,SB978-722,CSU Stanislaus University Police Department,https://web.archive.org/web/20090522150018/http://www.csustan.edu/UPD/
13,SB978-723,El Rancho Unified School District Police Department,https://web.archive.org/web/20211228233652/https://www.erusd.org/apps/pages/index.jsp?uREC_ID=155468&type=d&pREC_ID=2200244
14,SB978-725,Fontana Unified School District Police Department,https://web.archive.org/web/20200215153359/https://www.fusd.net/domain/245
15,SB978-726,Foothill De-Anza Community College District Police Department,https://web.archive.org/web/20201215175046/http://police.fhda.edu/
16,SB978-727,Fulton-El Camino Park Police Department,https://web.archive.org/web/20201001132620/https://www.fecrpd.com/park-police
17,SB978-728,Glendale Police Department Park Rangers,https://web.archive.org/web/20220320194524/https://www.glendaleca.gov/government/departments/community-services-parks/csp-policies-procedures
18,SB978-731,Imperial County Sheriff's Department,https://web.archive.org/web/20201016200854/https://icso.imperialcounty.org/
19,SB978-734,Lake Shastina District Police Department,https://web.archive.org/web/20100418221559/http://www.lakeshastina.com/lscsdinfo.htm
20,SB978-735,Lathrop Police Department,https://web.archive.org/web/20200821064557/https://www.ci.lathrop.ca.us/police
21,SB978-737,Mariposa County Sheriff's Department,https://web.archive.org/web/20181016200145/http://www.mariposacounty.org/82/Sheriffs-Office
22,SB978-738,Montebello Police Department,https://web.archive.org/web/20210802232458/https://www.montebello.k12.ca.us/apps/pages/index.jsp?uREC_ID=2210591&type=d&pREC_ID=2195302
23,SB978-740,Oakland City Housing Authority Police Department,https://web.archive.org/web/20071209194209/http://www.ohapd.org/
24,SB978-741,Oakley Police Department,https://web.archive.org/web/20160117184128/http://www.ci.oakley.ca.us/departments/police/
25,SB978-745,Port San Luis Harbor District Harbor Patrol Department,https://web.archive.org/web/19981201065449/http://portsanluis.com/
26,SB978-747,Salinas Police Department,https://web.archive.org/web/19961230215006/http://salinaspd.com/
27,SB978-748,San Bernardino Community College District Police Department,https://web.archive.org/web/20210413073004/https://sbccd.edu/district-services/police-department/index.php
28,SB978-749,San Bernardino Unified School District Police Department,https://web.archive.org/web/20230403194541/http://www.sbcusd.com/departments/district-police
29,SB978-750,San Carlos Police Department,https://web.archive.org/web/20171027163848/http://www.smcsheriff.com/patrol-services/san-carlos-police-bureau
30,SB978-751,San Diego Community College District Police Department,https://web.archive.org/web/20191015160516/https://www.sdccd.edu/about/departments-and-offices/police-department/
31,SB978-752,San Francisco Community College District Police Department,https://web.archive.org/web/20200807130959/https://www.ccsf.edu/campus-police
32,SB978-754,San JosÃ©/Evergreen Community College District Police Department,https://web.archive.org/web/20140320103609/http://www.sjeccd.edu/district-services/district-police
33,SB978-756,Solano Community College District Department of Public Safety,https://web.archive.org/web/20120812084048/http://www.solano.edu/police/
34,SB978-757,Stallion Springs Police Department,
35,SB978-758,State Center Community College District Police Department,https://web.archive.org/web/20210801094142/https://www.scccd.edu/departments/police/index.html
36,SB978-759,Susanville Police Department,https://web.archive.org/web/20201016180315/http://www.cityofsusanville.net/rooptown/police-department/
37,SB978-760,Sutter Creek Police Department,https://web.archive.org/web/20160523124525/http://cityofsuttercreek.org/sutter-creek-police-department/
38,SB978-761,Tulare County Probation Department,https://web.archive.org/web/20130312101605/http://www.tularecounty.ca.gov/probation/
39,SB978-762,Tulelake Police Department,https://web.archive.org/web/20170209025219/http://www.cityoftulelake.com/departments/police-department
40,SB978-766,Val Verde Unified School District Police Department,https://web.archive.org/web/20230418010717/https://police-department-valverde.schoolblocks.com/en-US
41,SB978-769,Yuba Community College District Police Department,https://web.archive.org/web/20220817013956/https://yc.yccd.edu/campus/safety/
42,SB978-001,Alameda County District Attorney,https://web.archive.org/web/20080514035529/http://www.alcoda.org/
43,SB978-002,Alameda County Sheriff's Office,https://web.archive.org/web/20021201135745/http://alamedacountysheriff.org/
44,SB978-003,Alameda Police Department,https://web.archive.org/web/20130218090425/http://alamedaca.gov/
45,SB978-004,Albany Police Department,https://web.archive.org/web/20170620162206/http://www.albanyca.org/departments/police-department
46,SB978-005,Alhambra Police Department,https://web.archive.org/web/20210921132304/https://cityofalhambra.org/231/Police-Department
47,SB978-008,Alpine County Sheriff's Department,https://web.archive.org/web/20201030070604/http://www.alpinecountyca.gov/204/Sheriff
48,SB978-009,Alturas Police Department,https://web.archive.org/web/20170606162441/http://www.cityofalturas.us/departments/public_safety/index.php
49,SB978-011,Amador County Sheriff's Department,https://web.archive.org/web/20101208233045/http://www.amadorsheriff.org/
50,SB978-012,American River College Police Department,https://web.archive.org/web/20110504130710/http://police.losrios.edu/
51,SB978-014,Anaheim Police Department,https://web.archive.org/web/20210923235005/https://anaheim.net/178/About
52,SB978-015,Anderson Police Department,https://web.archive.org/web/20170710021335/http://www.andersonpolice.org/
53,SB978-016,Angels Camp Police Department,https://web.archive.org/web/20161115132512/http://angelscamp.gov/police/
54,SB978-017,Antioch Police Department,https://web.archive.org/web/20180902110144/https://www.antiochca.gov/police/
55,SB978-018,Apple Valley Unified School District Police Department,https://web.archive.org/web/20200919115143/https://www.avusd.org/departments/district-police
56,SB978-019,Arcadia Police Department,https://web.archive.org/web/20200407192619/https://www.arcadiaca.gov/protect/police_department/index.php
57,SB978-020,Arcata Police Department,https://web.archive.org/web/20151203142114/http://www.cityofarcata.org/206/Police
58,SB978-021,Arroyo Grande Police Department,https://web.archive.org/web/20010906205447/http://www.agpd.org/
59,SB978-022,Arvin Police Department,https://web.archive.org/web/20210116170435/https://www.arvin.org/181/Police
60,SB978-023,Atascadero Police Department,https://web.archive.org/web/20000303100201/http://www.atascadero.org/
61,SB978-024,Atherton Police Department,https://web.archive.org/web/20220814155056/https://ci.atherton.ca.us/635/Police-Department
62,SB978-025,Atwater Police Department,https://web.archive.org/web/20200814104343/https://www.atwater.org/departments/police/
63,SB978-026,Auburn Police Department,https://web.archive.org/web/20160314041008/http://www.auburn.ca.gov/168/Police
64,SB978-027,Avenal Police Department,https://web.archive.org/web/20160406193145/http://www.cityofavenal.com/217/Police
65,SB978-029,Azusa Police Department,https://web.archive.org/web/20001012105159/http://www.azusapd.org/
66,SB978-030,Bakersfield Police Department,https://web.archive.org/web/20210412030508/https://www.bakersfieldcity.us/257/Police
67,SB978-033,Banning Police Department,https://web.archive.org/web/20190830160747/http://banning.ca.us/17/Banning-Police-Department
68,SB978-034,Barstow Police Department,https://web.archive.org/web/20201123065934/https://www.barstowca.org/departments/police
69,SB978-035,Bay Area Rapid Transit Police Department,https://web.archive.org/web/20080704171212/http://bart.gov/about/police/
70,SB978-036,Bear Valley Police Department,https://web.archive.org/web/20200924191919/https://www.bvcsd.com/police-department
71,SB978-037,Beaumont Police Department,https://web.archive.org/web/20170315224739/http://www.beaumontpd.org/
72,SB978-038,Bell Gardens Police Department,https://web.archive.org/web/20190413155658/http://www.bellgardens.org/government/public-safety/police-department
73,SB978-040,Belmont Police Department,https://web.archive.org/web/20191108175055/https://www.belmont.gov/departments/police
74,SB978-041,Belvedere Police Department,https://web.archive.org/web/20181206174037/http://www.cityofbelvedere.org/117/Police
75,SB978-042,Benicia Police Department,https://web.archive.org/web/20141108220522/http://www.ci.benicia.ca.us/police
76,SB978-043,Berkeley Police Department,https://web.archive.org/web/20220502181918/https://berkeleyca.gov/safety-health/police
77,SB978-044,Beverly Hills Police Department,https://web.archive.org/web/20190524114259/http://www.beverlyhills.org/departments/policedepartment/
78,SB978-049,Blythe Police Department,https://web.archive.org/web/20210226153724/https://www.cityofblythe.ca.gov/19/Police-Department
79,SB978-050,Brawley Police Department,https://web.archive.org/web/20150218210909/http://www.brawley-ca.gov/section/Police-Department
80,SB978-051,Brea Police Department,https://web.archive.org/web/20220121034102/https://www.ci.brea.ca.us/1595/Police-Services
81,SB978-052,Brentwood Police Department,https://web.archive.org/web/20220802212330/https://www.brentwoodca.gov/government/police
82,SB978-053,Brisbane Police Department,https://web.archive.org/web/20200410213911/https://www.brisbaneca.org/police
83,SB978-054,Broadmoor Police Department,https://web.archive.org/web/20020202231906/http://www.broadmoorpolice.com/
84,SB978-055,Buena Park Police Department,https://web.archive.org/web/19980111060929/http://bppd.com/
85,SB978-056,Burbank Police Department,https://web.archive.org/web/20130601072040/http://burbankpd.org/
86,SB978-058,Burlingame Police Department,https://web.archive.org/web/20180901122811/https://burlingame.org/departments/police_department/index.php
87,SB978-062,Butte County Sheriff's Department/Coroner,https://web.archive.org/web/20230310140536/https://www.buttecounty.net/1393/SheriffCoroner
88,SB978-066,Calaveras County Sheriff's Department,https://web.archive.org/web/20120128224500/http://sheriff.calaverasgov.us/
89,SB978-067,Calexico Police Department,https://web.archive.org/web/20201016185833/https://www.calexico.ca.gov/index.asp?SEC=029A22CB-1659-4003-84BC-20534F81C51A
90,SB978-068,California City Police Department,https://web.archive.org/web/20150803231351/http://www.californiacity-ca.gov/CC/index.php/departments-1/finance-5
91,SB978-071,Calistoga Police Department,https://web.archive.org/web/20160305200755/http://www.ci.calistoga.ca.us/city-hall/departments-services/police-department
92,SB978-072,Campbell Police Department,https://web.archive.org/web/20200805125348/https://www.campbellca.gov/1030/Police-Department
93,SB978-073,Capitola Police Department,https://web.archive.org/web/20131127113030/http://www.cityofcapitola.org/police
94,SB978-074,Carlsbad Police Department,https://web.archive.org/web/20210518161445/https://www.carlsbadca.gov/departments/police
95,SB978-075,Carmel Police Department,https://web.archive.org/web/20200318105726/https://ci.carmel.ca.us/police-fire
96,SB978-076,Cathedral City Police Department,https://web.archive.org/web/20031018141344/http://www.cathedralcitypolice.com/
97,SB978-077,Central Marin Police Authority,https://web.archive.org/web/20131201094815/http://www.centralmarinpolice.org/
98,SB978-078,Ceres Department of Public Safety,https://web.archive.org/web/20160305200755/http://www.ci.calistoga.ca.us/city-hall/departments-services/police-department
99,SB978-080,Chaffey Community College District Police Department,https://web.archive.org/web/20200621164802/http://chaffey.edu/police/index.php
100,SB978-082,Chico Police Department,https://web.archive.org/web/20200807012550/https://chico.ca.us/police-department
101,SB978-083,Chino Police Department,https://web.archive.org/web/20220520170507/https://cityofchino.org/231/Police
102,SB978-084,Chowchilla Police Department,https://web.archive.org/web/20200920141953/https://cityofchowchilla.org/176/Police-Department
103,SB978-085,Chula Vista Police Department,https://web.archive.org/web/20150203035009/http://www.chulavistaca.gov/departments/police-department
104,SB978-087,Citrus Heights Police Department,https://web.archive.org/web/20230530234831/https://citrusheights.net/1254/Police-Department
105,SB978-089,Claremont Police Department,https://web.archive.org/web/20150418212943/http://www.ci.claremont.ca.us/government/departments-divisions/police-department
106,SB978-090,Clayton Police Department,https://web.archive.org/web/20210617083031/https://claytonca.gov/police/
107,SB978-091,Clearlake Police Department,https://web.archive.org/web/20140127055904/http://clearlake.ca.us/210/Police-Department
108,SB978-092,Cloverdale Police Department,https://web.archive.org/web/20230517020400/https://www.cloverdale.net/78/Police
109,SB978-093,Clovis Police Department,https://web.archive.org/web/20200411064923/https://cityofclovis.com/police/
110,SB978-094,Clovis Unified School District Police Department,https://web.archive.org/web/20200512064219/https://www.cusd.com/PoliceServices.aspx
111,SB978-095,Coalinga Police Department,https://web.archive.org/web/20200806071726/http://www.coalinga.com/150/Police
112,SB978-096,Coast Community College District Police Department,https://web.archive.org/web/20030115123516/http://goldenwestcollege.edu/
113,SB978-098,Colma Police Department,https://web.archive.org/web/20191108193505/https://www.colma.ca.gov/departments/police/
114,SB978-099,Colton Police Department,https://web.archive.org/web/20020608072038/http://www.coltonpd.org/
115,SB978-100,Colusa County District Attorney,https://web.archive.org/web/20200702190529/http://countyofcolusa.org/357/District-Attorney
116,SB978-101,Colusa County Sheriff's Department,https://web.archive.org/web/20200804202522/http://www.countyofcolusa.org/156/Sheriff
117,SB978-102,Colusa Police Department,https://web.archive.org/web/20211230101803/https://cityofcolusa.com/police-department/
118,SB978-105,Concord Police Department,https://web.archive.org/web/20190302223824/http://www.cityofconcord.org/183/Police
119,SB978-107,Contra Costa Community College District Police Department,https://web.archive.org/web/20200726200621/http://www.4cd.edu/pd/index.html
120,SB978-108,Contra Costa County District Attorney,https://web.archive.org/web/20190730230211/http://www.contracosta.ca.gov/7284/District-Attorney
121,SB978-109,Contra Costa County Sheriff's Department/Coroner,https://web.archive.org/web/19981212023901/http://www.cocosheriff.org/
122,SB978-110,Corcoran Police Department,https://web.archive.org/web/20210125031118/http://cityofcorcoran.com/departments/police/index.php
123,SB978-112,Corona Police Department,https://web.archive.org/web/20170804170450/https://www.coronaca.gov/government/departments/police-department
124,SB978-113,Coronado Police Department,https://web.archive.org/web/20220518092541/https://www.coronado.ca.us/166/Police
125,SB978-114,Costa Mesa Police Department,https://web.archive.org/web/20230322185003/https://www.costamesaca.gov/government/departments-and-divisions/police
126,SB978-115,Cosumnes River College Police Department,https://web.archive.org/web/20110504130710/http://police.losrios.edu/
127,SB978-116,Cotati Police Department,https://web.archive.org/web/20221014200915/https://www.cotaticity.org/229/Police
128,SB978-117,Covina Police Department,https://web.archive.org/web/20100823044835/http://www.covinaca.gov/
129,SB978-118,CPSU Pomona Department of Public Safety,https://web.archive.org/web/20201028141608/https://www.cpp.edu/police/index.shtml
130,SB978-119,Cal Poly University Police,https://web.archive.org/web/20000830145955/http://www.afd.calpoly.edu/Police/
131,SB978-121,CSU Bakersfield University Police Department,https://web.archive.org/web/20060815225954/http://www.csub.edu/bas/police/
132,SB978-122,CSU Channel Islands University Police Department,https://web.archive.org/web/20140209091347/http://www.csuci.edu/publicsafety/police/
133,SB978-123,CSU Chico University Police Department,https://web.archive.org/web/19970522050049/http://www.csuchico.edu/up/
134,SB978-124,CSU Dominguez Hills University Police and Parking,https://web.archive.org/web/20040106154851/http://www.csudh.edu/dhpd/
135,SB978-125,CSU East Bay University Police Department,https://web.archive.org/web/20180916050857/http://www.csueastbay.edu/upd/
136,SB978-126,CSU Fresno University Police Department,https://web.archive.org/web/20210919211223/https://adminfinance.fresnostate.edu/police/
137,SB978-127,CSU Fullerton University Police Department,https://web.archive.org/web/19990503121626/http://police.fullerton.edu/
138,SB978-128,Cal Poly Humboldt Police Department ,https://web.archive.org/web/20171107033932/http://police.humboldt.edu/
139,SB978-129,CSU Long Beach University Police Department,https://web.archive.org/web/20170910085305/http://www.csulb.edu/university-police
140,SB978-130,Cal State LA Police Department,https://web.archive.org/web/20140805070712/http://www.calstatela.edu/police
141,SB978-132,CSU Monterey Bay University Police Department,https://web.archive.org/web/20150401212354/https://csumb.edu/police
142,SB978-133,CSU Northridge Department of Police Services,https://web.archive.org/web/19970715064011/http://www.csun.edu/police/
143,SB978-134,CSU Sacramento Public Safety/University Police Department,https://web.archive.org/web/20200928062025/https://www.csus.edu/campus-safety/police-department/
144,SB978-135,CSU San Bernardino University Police Department,https://web.archive.org/web/20170519050912/https://www.csusb.edu/police
145,SB978-136,San Diego State University Police Department,https://web.archive.org/web/20000511122916/http://police.sdsu.edu/
146,SB978-138,CSU San JosÃ© University Police Department,https://web.archive.org/web/19990225080821/http://www.sjsu.edu/police/
147,SB978-139,CSU San Marcos University Police Department,https://web.archive.org/web/19970205114239/http://www.csusm.edu/
148,SB978-140,Sonoma State University Police and Parking Services,https://web.archive.org/web/20010427044927/http://web.sonoma.edu/
149,SB978-141,CSU Stanislaus Police Department,https://web.archive.org/web/19981212024123/http://www.csustan.edu/
150,SB978-142,Cuesta College Department of Public Safety,https://web.archive.org/web/20020220122658/http://www.cuesta.edu/
151,SB978-143,Culver City Police Department,https://web.archive.org/web/20121206022713/http://www.culvercitypd.org/
152,SB978-144,Cypress Police Department,https://web.archive.org/web/20161020013139/http://www.cypressca.org/
153,SB978-145,Daly City Police Department,https://web.archive.org/web/19991007032914/http://dalycity.org/
154,SB978-148,Davis Police Department,https://web.archive.org/web/20020527131822/http://www.cityofdavis.org/
155,SB978-150,Del Norte County Sheriff's Department,https://web.archive.org/web/20010201062300/http://co.del-norte.ca.us/
156,SB978-151,Del Rey Oaks Police Department,https://web.archive.org/web/20050803084124/http://www.delreyoaks.org/
157,SB978-152,Delano Police Department,https://web.archive.org/web/20070830141625/http://www.cityofdelano.org/
158,SB978-153,Desert Hot Springs Police Department,https://web.archive.org/web/20060916220242/http://www.cityofdhs.org/
159,SB978-154,Dinuba Police Department,https://web.archive.org/web/20010123154100/http://www.dinuba.org/
160,SB978-155,Dixon Police Department,https://web.archive.org/web/20180727185413/http://www.dixonpolice.org/
161,SB978-156,Dos Palos Police Department,https://web.archive.org/web/20110315175713/http://dospalospd.org/
162,SB978-157,Downey Police Department,https://web.archive.org/web/19971221152051/http://downeyca.org/
163,SB978-158,East Bay Regional Parks District Department of Public Safety,https://web.archive.org/web/19981202213756/http://www.ebparks.org/
164,SB978-159,East Palo Alto Police Department,https://web.archive.org/web/20110627051448/http://cityofepa.org/
165,SB978-160,El Cajon Police Department,https://web.archive.org/web/20230719150636/https://docs.cityofelcajon.us/
166,SB978-161,El Camino Community College District Police Department,https://web.archive.org/web/20020524155716/http://www.elcamino.edu/
167,SB978-162,El Centro Police Department,https://web.archive.org/web/20010424070241/http://www.cityofelcentro.org/
168,SB978-163,El Cerrito Police Department,https://web.archive.org/web/20010909050042/http://www.el-cerrito.org/
169,SB978-165,El Dorado County Sheriff's Department,https://web.archive.org/web/20040103051414/http://edcgov.us/
170,SB978-166,El Monte Police Department,https://web.archive.org/web/20000817164350/http://www.ci.el-monte.ca.us/
171,SB978-168,El Segundo Police Department,https://web.archive.org/web/20200430071541/https://www.elsegundopd.org/
172,SB978-169,Elk Grove Police Department,https://web.archive.org/web/20021224061142/http://www.elkgrovepd.org/
173,SB978-170,Emeryville Police Department,https://web.archive.org/web/19981202043758/http://ci.emeryville.ca.us/
174,SB978-171,Escalon Police Department,https://web.archive.org/web/20040711160601/http://www.cityofescalon.org/
175,SB978-172,Escondido Police Department,https://web.archive.org/web/20110430005741/http://police.escondido.org/
176,SB978-173,Etna Police Department,https://web.archive.org/web/20080406205129/http://www.etnaca.com/
177,SB978-174,Eureka Police Department,https://web.archive.org/web/20051210161121/http://www.ci.eureka.ca.gov/
178,SB978-175,Exeter Police Department,https://web.archive.org/web/20190816030200/https://cityofexeter.com/departments/exeter-police-department/
179,SB978-177,Fairfax Police Department,https://web.archive.org/web/20050204104059/http://www.townoffairfax.org/
180,SB978-178,Fairfield Police Department,https://web.archive.org/web/20100225075051/http://www.fairfield.ca.gov/
181,SB978-179,Farmersville Police Department,https://web.archive.org/web/20130310032513/http://www.cityoffarmersville-ca.gov/
182,SB978-180,Ferndale Police Department,https://web.archive.org/web/20040729234255/http://ci.ferndale.ca.us/
183,SB978-181,Firebaugh Police Department,https://web.archive.org/web/20120628093910/http://www.firebaugh.org/
184,SB978-182,Folsom Lake College Police Department,https://web.archive.org/web/20110504130710/http://police.losrios.edu/
185,SB978-183,Folsom Police Department,https://web.archive.org/web/19980530071725/http://www.folsom.ca.us/
186,SB978-184,Fontana Police Department,https://web.archive.org/web/20000416071616/http://fontana.org/
187,SB978-187,Fort Bragg Police Department,https://web.archive.org/web/20051116183409/http://city.fortbragg.com/
188,SB978-188,Fortuna Police Department,https://web.archive.org/web/20081216172617/http://www.friendlyfortuna.com/
189,SB978-189,Foster City Police Department,https://web.archive.org/web/19970614021741/http://www.fostercity.org/
190,SB978-190,Fountain Valley Police Department,https://web.archive.org/web/19971023004517/http://www.fountainvalley.org/
191,SB978-191,Fowler Police Department,https://web.archive.org/web/20040409152109/http://www.fowlercity.org/
192,SB978-192,Fremont Police Department,https://web.archive.org/web/20200422044748/https://www.fremontpolice.gov/
193,SB978-194,Fresno County Sheriff's Department,
194,SB978-195,Fresno Police Department,https://web.archive.org/web/19980118185900/http://www.fresno.gov/
195,SB978-197,Fullerton Police Department,https://web.archive.org/web/20020328034923/http://www.fullertonpd.org/
196,SB978-198,Galt Police Department,https://web.archive.org/web/19981206075748/http://www.ci.galt.ca.us/
197,SB978-199,Garden Grove Police Department,https://web.archive.org/web/20190406073640/https://ggcity.org/police
198,SB978-200,Gardena Police Department,https://web.archive.org/web/20000408151355/http://gardenapd.org/
199,SB978-202,Gilroy Police Department,https://web.archive.org/web/20120916030930/http://cityofgilroy.org/
200,SB978-203,Glendale Community College District Police Department,https://web.archive.org/web/20020526103100/http://www2.glendale.edu/
201,SB978-204,Glendale Police Department,https://web.archive.org/web/20140520015246/http://www.glendaleca.gov/government/departments/police-department
202,SB978-206,Glendora Police Department,https://web.archive.org/web/20110816012229/http://cityofglendora.org/
203,SB978-209,Glenn County Sheriff's Department/Coroner,https://web.archive.org/web/20010223171851/http://www.countyofglenn.net/
204,SB978-210,Gonzales Police Department,https://web.archive.org/web/20181104015130/http://gonzalesca.gov/
205,SB978-211,Grass Valley Police Department,https://web.archive.org/web/20021024170815/http://www.cityofgrassvalley.com/
206,SB978-212,Greenfield Police Department,https://web.archive.org/web/20040324101727/http://ci.greenfield.ca.us/
207,SB978-213,Gridley Police Department,https://web.archive.org/web/20011104082050/http://www.gridley.ca.us/
208,SB978-214,Grover Beach Police Department,https://web.archive.org/web/19990125095736/http://www.grover.org/
209,SB978-215,Guadalupe Police Department,https://web.archive.org/web/20020414140809/http://www.ci.guadalupe.ca.us/
210,SB978-216,Gustine Police Department,https://web.archive.org/web/20070604121148/http://www.cityofgustine.com/
211,SB978-218,Hanford Police Department,https://web.archive.org/web/20180212091716/http://www.ci.hanford.ca.us/departments/police/index.php
212,SB978-219,Hawthorne Police Department,https://web.archive.org/web/20001026120820/http://www.hawthornepolice.com/
213,SB978-220,Hayward Police Department,https://web.archive.org/web/20160323023711/http://www.hayward-ca.gov/police-department
214,SB978-221,Healdsburg Police Department,https://web.archive.org/web/19981212023751/http://www.ci.healdsburg.ca.us/
215,SB978-222,Hemet Police Department,https://web.archive.org/web/20191205213327/http://www.hemetca.gov/
216,SB978-223,Hercules Police Department,https://web.archive.org/web/19980110052113/http://www.ci.hercules.ca.us/
217,SB978-224,Hermosa Beach Police Department,https://web.archive.org/web/20191105081939/https://www.hermosabeach.gov/
218,SB978-226,Hillsborough Police Department,https://web.archive.org/web/19981205150422/http://hillsborough.net/
219,SB978-227,Hollister Police Department,https://web.archive.org/web/19971222141046/http://hollister.ca.gov/
220,SB978-229,Humboldt County Sheriff's Department,https://web.archive.org/web/20140712120440/http://www.humboldtgov.org/
221,SB978-231,Huntington Beach Police Department,https://web.archive.org/web/20100124223731/http://www.huntingtonbeachca.gov/
222,SB978-232,Huntington Park Police Department,https://web.archive.org/web/20160517082912/http://www.hppolice.org/
223,SB978-233,Huron Police Department,https://web.archive.org/web/20010308192937/http://www.cityofhuron.com/
224,SB978-236,Imperial Police Department,https://web.archive.org/web/20010818013502/http://www.cityofimperial.org/
225,SB978-237,Indio Police Department,https://web.archive.org/web/19981111183609/http://www.indio.org/
226,SB978-238,Inglewood Police Department,https://web.archive.org/web/19981201202712/http://www.cityofinglewood.org/
227,SB978-241,Inyo County Sheriff's Department,https://web.archive.org/web/20040110021833/http://inyocounty.us/
228,SB978-242,Ione Police Department,https://web.archive.org/web/20010201050100/http://www.ione-ca.com/
229,SB978-243,Irvine Police Department,https://web.archive.org/web/20010720061025/http://www.cityofirvine.org/
230,SB978-245,Irwindale Police Department,https://web.archive.org/web/20160901003226/http://www.irwindaleca.gov/
231,SB978-246,Jackson Police Department,https://web.archive.org/web/19991129022621/http://ci.jackson.ca.us/
232,SB978-247,Kensington Police Department,https://web.archive.org/web/20180612210601/https://www.kppcsd.org/
233,SB978-248,Kerman Police Department,https://web.archive.org/web/20070726221810/http://www.cityofkerman.net/
234,SB978-251,Kern County Sheriff's Department,https://web.archive.org/web/20110725020034/http://kernsheriff.org/
235,SB978-253,King City Police Department,https://web.archive.org/web/19980115152019/http://kingcity.com/
236,SB978-256,Kings County Sheriff's Department,https://web.archive.org/web/19981205203320/http://www.countyofkings.com/
237,SB978-257,Kingsburg Police Department,https://web.archive.org/web/20060526221955/http://www.cityofkingsburg-ca.gov/
238,SB978-258,La Habra Police Department,https://web.archive.org/web/20001018042157/http://lahabracity.com/
239,SB978-259,La Mesa Police Department,https://web.archive.org/web/20040102031441/http://cityoflamesa.us/
240,SB978-260,La Palma Police Department,https://web.archive.org/web/20001204164700/http://www.cityoflapalma.org/
241,SB978-261,La Verne Police Department,https://web.archive.org/web/20021129100933/http://lvpd.org/
242,SB978-262,Laguna Beach Police Department,https://web.archive.org/web/20020726131401/http://www.lagunabeachcity.net/
243,SB978-264,Lake County Sheriff's Department,https://web.archive.org/web/20010428024751/http://www.lakesheriff.com/
244,SB978-266,Lakeport Police Department,https://web.archive.org/web/20061229073401/http://www.cityoflakeport.com/
245,SB978-268,Lassen County Sheriff's Department,https://web.archive.org/web/20001204182100/http://www.lassencounty.org/
246,SB978-269,Lemoore Police Department,https://web.archive.org/web/19980208200129/http://www.lemoore.com/
247,SB978-270,Lincoln Police Department,https://web.archive.org/web/20150705204300/http://www.lincolnca.gov/
248,SB978-271,Lindsay Department of Public Safety,https://web.archive.org/web/19981206200918/http://www.lindsay.ca.us/
249,SB978-272,Livermore Police Department,https://web.archive.org/web/20220519033728/https://www.livermoreca.gov/
250,SB978-273,Livingston Police Department,https://web.archive.org/web/20090703071315/http://livingston.govoffice2.com/
251,SB978-274,Lodi Police Department,https://web.archive.org/web/19961109164436/http://www.lodi.gov/
252,SB978-275,Lompoc Police Department,https://web.archive.org/web/20010330211654/http://www.cityoflompoc.com/
253,SB978-276,Long Beach Police Department,
254,SB978-278,Los Alamitos Police Department,https://web.archive.org/web/20110627051913/http://cityoflosalamitos.org/
255,SB978-279,Los Altos Police Department,https://web.archive.org/web/20090511155409/http://www.losaltosca.gov/
256,SB978-280,Los Angeles City Department of Recreation and Parks,https://web.archive.org/web/20000823104329/http://www.laparks.org/
257,SB978-281,Los Angeles County District Attorney,https://web.archive.org/web/20070626042855/http://da.lacounty.gov/
258,SB978-282,Los Angeles County Probation Department,https://web.archive.org/web/20071018114130/http://probation.lacounty.gov/
259,SB978-283,Los Angeles County Sheriff's Department,
260,SB978-284,Los Angeles Police Department,https://web.archive.org/web/19981202190615/http://www.lapdonline.org/
261,SB978-285,Los Angeles Port Police Department,https://web.archive.org/web/20211124004947/https://www.portoflosangeles.org/community/los-angeles-port-police
262,SB978-287,Los Angeles School Police Department,https://web.archive.org/web/20160404060722/http://achieve.lausd.net/
263,SB978-289,Los Angeles World Airports Police Department,https://web.archive.org/web/19981203085344/http://www.lawa.org/
264,SB978-290,Los Banos Police Department,https://web.archive.org/web/19981206120724/http://www.losbanos.org/
265,SB978-291,Los Gatos/Monte Sereno Police Department,https://web.archive.org/web/20040123095746/http://www.losgatosca.gov/
266,SB978-292,Los Rios Community College District Police Department,https://web.archive.org/web/20110504130710/http://police.losrios.edu/
267,SB978-295,Madera County Sheriff's Department,https://web.archive.org/web/20001019062947/http://www.maderacounty.com/
268,SB978-296,Madera Police Department,https://web.archive.org/web/20190324022825/https://www.madera.gov/
269,SB978-297,Mammoth Lakes Police Department,https://web.archive.org/web/20140427000350/http://www.townofmammothlakes.ca.gov/
270,SB978-298,Manhattan Beach Police Department,https://web.archive.org/web/20020207223041/http://www.citymb.info/
271,SB978-299,Manteca Police Department,https://web.archive.org/web/19981111183557/http://ci.manteca.ca.us/
272,SB978-300,Marin Community College District Police Department,https://web.archive.org/web/20170215214444/http://police.marin.edu/
273,SB978-303,Marin County Sheriff's Department,https://web.archive.org/web/20010413222732/http://www.marinsheriff.org/
274,SB978-305,Marina Department of Public Safety,https://web.archive.org/web/20110627051933/http://cityofmarina.org/
275,SB978-308,Martinez Police Department,https://web.archive.org/web/19981202082247/http://www.cityofmartinez.org/
276,SB978-309,Marysville Police Department,https://web.archive.org/web/20080501162015/http://www.marysvillepd.org/
277,SB978-310,McFarland Police Department,https://web.archive.org/web/20040218025559/http://www.mcfarlandcity.org/
278,SB978-313,Mendocino County Sheriff's Department,https://web.archive.org/web/20070925052150/http://www.mendocinosheriff.com/
279,SB978-314,Mendota Police Department,https://web.archive.org/web/20040405123414/http://www.ci.mendota.ca.us/
280,SB978-315,Menifee Police Department,https://web.archive.org/web/20200511171258/https://menifeepolice.org/
281,SB978-316,Menlo Park Police Department,https://web.archive.org/web/20000510152545/http://www.menlopark.org/
282,SB978-317,Merced Community College Police Department,https://web.archive.org/web/20021026193731/http://www.mccd.edu/
283,SB978-319,Merced County Sheriff's Department,https://web.archive.org/web/19980109175324/http://co.merced.ca.us/
284,SB978-320,Merced Police Department,https://web.archive.org/web/20030205041859/http://www.cityofmerced.org/
285,SB978-321,Mill Valley Police Department,https://web.archive.org/web/19990427111625/http://www.cityofmillvalley.org/
286,SB978-323,Milpitas Police Department,https://web.archive.org/web/20220423025100/https://www.milpitas.gov/
287,SB978-324,MiraCosta Community College District Police Department,https://web.archive.org/web/20020524042016/http://www.miracosta.edu/
288,SB978-325,Modesto Police Department,https://web.archive.org/web/20010419113932/http://www.modestogov.com/
289,SB978-326,Modoc County Sheriff's Department,https://web.archive.org/web/20081229223528/http://www.modocsheriff.us/
290,SB978-328,Mono County Sheriff's Department,https://web.archive.org/web/20020531094142/http://www.monosheriff.org/
291,SB978-329,Monrovia Police Department,https://web.archive.org/web/20041209120513/http://www.cityofmonrovia.org/
292,SB978-330,Montclair Police Department,https://web.archive.org/web/20080807154700/http://www.cityofmontclair.org/
293,SB978-331,Montebello Police Department,https://web.archive.org/web/20220924020125/https://www.montebelloca.gov/
294,SB978-334,Monterey County Sheriff's Department,https://web.archive.org/web/20150712133824/https://www.montereysheriff.org/
295,SB978-335,Monterey Park Police Department,https://web.archive.org/web/20130416051303/http://www.montereypark.ca.gov
296,SB978-337,Monterey Police Department,https://web.archive.org/web/19961111104240/http://www.monterey.org/
297,SB978-339,Moraga Police Department,https://web.archive.org/web/20091222091726/http://police.moraga.ca.us/
298,SB978-340,Morgan Hill Police Department,https://web.archive.org/web/19981205170655/http://www.morgan-hill.ca.gov/
299,SB978-341,Morro Bay Police Department,https://web.archive.org/web/20000816204831/http://www.morro-bay.ca.us/
300,SB978-342,Mountain View Police Department,https://web.archive.org/web/20201016164716/https://mvpdpublicrecords.org/
301,SB978-345,Mt. Shasta Police Department,https://web.archive.org/web/20140202092559/http://mtshastaca.gov/
302,SB978-346,Murrieta Police Department,https://web.archive.org/web/20160626190214/http://www.murrietaca.gov/
303,SB978-348,Napa County Sheriff's Department,https://web.archive.org/web/20090804185625/http://www.countyofnapa.org/
304,SB978-349,Napa Police Department,https://web.archive.org/web/19980112090319/http://www.cityofnapa.org/
305,SB978-350,Napa Valley College Police Department,https://web.archive.org/web/20020718115104/http://www.napavalley.edu/
306,SB978-351,National City Police Department,https://web.archive.org/web/20080922135520/http://www.nationalcityca.gov/
307,SB978-354,Nevada County Sheriff's Department,https://web.archive.org/web/20010929203155/http://mynevadacounty.com/
308,SB978-355,Newark Police Department,https://web.archive.org/web/19990125101600/http://www.newark.org/
309,SB978-356,Newman Police Department,https://web.archive.org/web/19981206220516/http://www.cityofnewman.com/
310,SB978-357,Newport Beach Police Department,https://web.archive.org/web/19991013102816/http://nbpd.org/
311,SB978-358,Novato Police Department,https://web.archive.org/web/19981206104718/http://www.novato.org/
312,SB978-359,Oakdale Police Department,https://web.archive.org/web/20140404022403/http://www.oakdalegov.com/
313,SB978-361,Oakland Police Department,https://web.archive.org/web/20180427023914/http://www.oaklandca.gov/
314,SB978-363,Oakley Police Department,https://web.archive.org/web/19991012023626/http://ci.oakley.ca.us/
315,SB978-365,Oceanside Police Department,https://web.archive.org/web/19980419193910/http://ci.oceanside.ca.us/
316,SB978-367,Ohlone Community College District Police Department,https://web.archive.org/web/20020816105839/http://www.ohlone.edu/
317,SB978-368,Ontario Police Department,
318,SB978-370,Orange County District Attorney,https://web.archive.org/web/20130802151836/http://orangecountyda.org
319,SB978-373,Orange County Sheriff's Department/Coroner,https://web.archive.org/web/20201101032449/https://www.ocsheriff.gov/
320,SB978-374,Orange Cove Police Department,https://web.archive.org/web/20031023010535/http://cityoforangecove.com/
321,SB978-375,Orange Police Department,https://web.archive.org/web/20010630232910/http://citydocs.cityoforange.org/
322,SB978-376,Orland Police Department,https://web.archive.org/web/20091005002153/http://www.cityoforland.com/
323,SB978-377,Oroville Police Department,https://web.archive.org/web/20020806132319/http://www.cityoforoville.org/
324,SB978-378,Oxnard Police Department,https://web.archive.org/web/20071225151834/http://sites.google.com/
325,SB978-379,Pacific Grove Police Department,https://web.archive.org/web/20140517042733/http://cityofpacificgrove.org/
326,SB978-381,Pacifica Police Department,https://web.archive.org/web/20070301053635/http://www.cityofpacifica.org/
327,SB978-382,Palm Springs Police Department,https://web.archive.org/web/20081111141308/http://www.palmspringsca.gov/
328,SB978-383,Palo Alto Police Department,https://web.archive.org/web/20021002045829/http://www.cityofpaloalto.org/
329,SB978-385,Palos Verdes Estates Police Department,https://web.archive.org/web/20100815211728/http://www.pvestates.org/
330,SB978-386,Paradise Police Department,https://web.archive.org/web/20000110195412/http://www.townofparadise.com/
331,SB978-388,Pasadena City College District Police Department,https://web.archive.org/web/20020602124107/http://www.pasadena.edu/
332,SB978-389,Pasadena Police Department,https://web.archive.org/web/20010518103603/http://www.cityofpasadena.net/
333,SB978-390,Paso Robles Police Department,https://web.archive.org/web/20020928073158/http://www.prcity.com/
334,SB978-392,Petaluma Police Department,https://web.archive.org/web/20110627052025/http://www.cityofpetaluma.org/
335,SB978-393,Piedmont Police Department,https://web.archive.org/web/20010609133145/http://www.ci.piedmont.ca.us/
336,SB978-394,Pinole Police Department,https://web.archive.org/web/20191121042915/http://pinoleca.hosted.civiclive.com/
337,SB978-395,Pismo Beach Police Department,
338,SB978-396,Pittsburg Police Department,https://web.archive.org/web/19981202204133/http://www.ci.pittsburg.ca.us/
339,SB978-397,Placentia Police Department,https://web.archive.org/web/19971221100030/http://placentia.org/
340,SB978-398,Placer County District Attorney,https://web.archive.org/web/19961220000612/http://www.placer.ca.gov/
341,SB978-400,Placer County Sheriff's Department,https://web.archive.org/web/19961220000612/http://www.placer.ca.gov/
342,SB978-401,Placerville Police Department,https://web.archive.org/web/20060225170315/http://www.cityofplacerville.org/
343,SB978-402,Pleasant Hill Police Department,https://web.archive.org/web/19981111190221/http://www.ci.pleasant-hill.ca.us/
344,SB978-403,Pleasanton Police Services,https://web.archive.org/web/20120309002619/http://www.cityofpleasantonca.gov/
345,SB978-405,Plumas County Sheriff's Department,https://web.archive.org/web/20101009141010/http://www.plumascounty.us/
346,SB978-406,Pomona Police Department,https://web.archive.org/web/20210331221505/https://www.pomonaca.gov/
347,SB978-408,Port Hueneme Police Department,https://web.archive.org/web/20010902203028/http://www.ci.port-hueneme.ca.us/
348,SB978-410,Porterville Police Department,https://web.archive.org/web/20010616215509/http://www.ci.porterville.ca.us/
349,SB978-411,Red Bluff Police Department,https://web.archive.org/web/20000817022947/http://www.rbpd.org/
350,SB978-412,Redding Police Department,https://web.archive.org/web/20130914200634/http://cityofredding.org
351,SB978-413,Redlands Police Department,https://web.archive.org/web/20020921183555/http://cityofredlands.org/
352,SB978-414,Redondo Beach Police Department,https://web.archive.org/web/19970403215657/http://www.redondo.org/
353,SB978-415,Redwood City Police Department,https://web.archive.org/web/19981202220632/http://www.redwoodcity.org/
354,SB978-416,Reedley Police Department,https://web.archive.org/web/20080820011116/http://www.reedley.ca.gov/
355,SB978-417,Rialto Police Department,https://web.archive.org/web/20200318133810/https://rialtopolice.com/
356,SB978-418,Richmond Police Department,https://web.archive.org/web/19980110071453/http://www.ci.richmond.ca.us/
357,SB978-419,Ridgecrest Police Department,https://web.archive.org/web/20081208070516/http://www.ridgecrest-ca.gov/
358,SB978-420,Rio Dell Police Department,https://web.archive.org/web/20181101055651/http://cityofriodell.ca.gov/
359,SB978-422,Ripon Police Department,https://web.archive.org/web/20020228022253/http://www.riponpd.org/
360,SB978-423,Riverside Community College District Police Department,https://web.archive.org/web/20140211003004/http://rccd.edu/
361,SB978-426,Riverside County Sheriff's Department,https://web.archive.org/web/20040612185635/http://www.riversidesheriff.org/
362,SB978-427,Riverside Police Department,https://web.archive.org/web/20040207122301/http://www.riversideca.gov/
363,SB978-428,Rocklin Police Department,https://web.archive.org/web/20060712094149/http://www.rocklin.ca.us/
364,SB978-429,Rohnert Park Department of Public Safety,https://web.archive.org/web/20010301194052/http://www.rpcity.org/
365,SB978-430,Roseville Police Department,https://web.archive.org/web/19980110011819/http://roseville.ca.us/
366,SB978-431,Ross Police Department,https://web.archive.org/web/20000918103920/http://www.townofross.org/
367,SB978-436,Sacramento County Sheriff's Department,https://web.archive.org/web/19980205155656/http://sacsheriff.com/
368,SB978-437,Sacramento Police Department,https://web.archive.org/web/20000301060707/http://www.cityofsacramento.org/
369,SB978-440,Saint Helena Police Department,https://web.archive.org/web/20121203050558/http://cityofsthelena.org/
370,SB978-443,San Benito County Sheriff's Department,https://web.archive.org/web/20140107182541/http://sbso.us/
371,SB978-446,San Bernardino County Sheriff-Coroner,https://web.archive.org/web/20200721132258/https://wp.sbcounty.gov/
372,SB978-447,San Bernardino Police Department,https://web.archive.org/web/20080908004519/http://www.sbcity.org/
373,SB978-449,San Bruno Police Department,https://web.archive.org/web/20040109210813/http://sanbruno.ca.gov/
374,SB978-456,San Diego County Sheriff's Department,https://web.archive.org/web/20210316015957/https://www.sdsheriff.gov/
375,SB978-457,San Diego Harbor Police Department,https://web.archive.org/web/20020604175901/http://portofsandiego.org/
376,SB978-458,San Diego Police Department,https://web.archive.org/web/20010302061204/http://www.sandiego.gov/
377,SB978-460,San Fernando Police Department,https://web.archive.org/web/20000620031520/http://www.ci.san-fernando.ca.us/
378,SB978-463,San Francisco County Sheriff's Department,https://web.archive.org/web/20031228164628/http://www.sfsheriff.com/
379,SB978-465,San Francisco Police Department,https://web.archive.org/web/20110428132920/http://sanfranciscopolice.org/
380,SB978-466,San Gabriel Police Department,https://web.archive.org/web/20000520042533/http://www.sangabrielcity.com/
381,SB978-469,San Joaquin County Probation Department,https://web.archive.org/web/20040410071520/http://www.sjgov.org/
382,SB978-470,San Joaquin County Sheriff's Department,https://web.archive.org/web/20080606010415/http://www.sjsheriff.org/
383,SB978-471,San Joaquin Delta College Police Department,https://web.archive.org/web/20020214024518/http://www.deltacollege.edu/
384,SB978-472,San Jose Police Department,https://web.archive.org/web/19961229074047/http://www.sjpd.org/
385,SB978-475,San Leandro Police Department,https://web.archive.org/web/20100404114155/http://www.sanleandro.org/
386,SB978-477,San Luis Obispo County Sheriff's Department,https://web.archive.org/web/20000914061252/http://www.slosheriff.org/
387,SB978-478,San Luis Obispo Police Department,https://web.archive.org/web/20000823185516/http://www.slocity.org/
388,SB978-479,San Marino Police Department,https://web.archive.org/web/20010517204543/http://www.cityofsanmarino.org/
389,SB978-481,San Mateo County Sheriff's Office,https://web.archive.org/web/19980523065628/http://www.smcsheriff.com/
390,SB978-482,San Mateo Police Department,https://web.archive.org/web/20010404093841/http://www.cityofsanmateo.org/
391,SB978-483,San Pablo Police Department,https://web.archive.org/web/20110126003708/http://sanpabloca.gov/
392,SB978-484,San Rafael Police Department,https://web.archive.org/web/19991013012957/http://srpd.org/
393,SB978-485,San Ramon Police Department,https://web.archive.org/web/20010331235859/http://www.sanramon.ca.gov/
394,SB978-486,Sand City Police Department,https://web.archive.org/web/19981207071120/http://www.sandcity.org/
395,SB978-487,Sanger Police Department,https://web.archive.org/web/20020601201942/http://www.ci.sanger.ca.us/
396,SB978-488,Santa Ana Police Department,https://web.archive.org/web/20001018094541/http://santa-ana.org/
397,SB978-489,Santa Ana Unified School District Police Department,https://web.archive.org/web/20020601201942/http://www.ci.sanger.ca.us/
398,SB978-491,Santa Barbara County Sheriff's Department,https://web.archive.org/web/19961228001941/http://www.sbsheriff.org/
399,SB978-492,Santa Barbara Police Department,https://web.archive.org/web/20040804210759/http://www.santabarbaraca.gov/
400,SB978-495,Santa Clara County Sheriff's Department,https://web.archive.org/web/20221111172042/https://countysheriff.sccgov.org/
401,SB978-496,Santa Clara Police Department,https://web.archive.org/web/20071130222004/http://santaclaraca.gov/
402,SB978-498,Santa Cruz County District Attorney,https://web.archive.org/web/20091016064747/http://datinternet.co.santa-cruz.ca.us/
403,SB978-499,Santa Cruz County Sheriff's Department,https://web.archive.org/web/20000120033321/http://www.scsheriff.com/
404,SB978-500,Santa Cruz Police Department,https://web.archive.org/web/20020628070207/http://cityofsantacruz.com/
405,SB978-501,Santa Fe Springs Police Services,https://web.archive.org/web/20020602124527/http://www.cityofwhittier.org/
406,SB978-502,Santa Maria Police Department,https://web.archive.org/web/20031101024323/http://www.cityofsantamaria.org/
407,SB978-504,Santa Monica Police Department,https://web.archive.org/web/19961227043532/http://santamonicapd.org/
408,SB978-505,Santa Paula Police Department,https://web.archive.org/web/20030930122157/http://spcity.org/
409,SB978-506,Santa Rosa Junior College Police Department,https://web.archive.org/web/20160309171631/http://police.santarosa.edu/
410,SB978-507,Santa Rosa Police Department,https://web.archive.org/web/20061006213118/http://www.srcity.org/
411,SB978-508,Sausalito Police Department,https://web.archive.org/web/20170818114450/http://www.sausalito.gov/
412,SB978-509,Scotts Valley Police Department,https://web.archive.org/web/20000817022946/http://www.scottsvalleypd.com/
413,SB978-510,Seal Beach Police Department,https://web.archive.org/web/20110126012247/http://sealbeachca.gov/
414,SB978-511,Seaside Police Department,https://web.archive.org/web/19970613042146/http://www.ci.seaside.ca.us/
415,SB978-512,Sebastopol Police Department,https://web.archive.org/web/20010410134950/http://www.ci.sebastopol.ca.us/
416,SB978-513,Selma Police Department,https://web.archive.org/web/20011127080107/http://www.cityofselma.com/
417,SB978-514,Shafter Police Department,https://web.archive.org/web/19961229213142/http://www.shafter.com/
418,SB978-517,Shasta County Sheriff's Department,https://web.archive.org/web/19991127230449/http://www.co.shasta.ca.us/
419,SB978-520,Sierra County Sheriff's Office,https://web.archive.org/web/20130621001204/http://www.sierracounty.ca.gov/
420,SB978-521,Sierra Madre Police Department,https://web.archive.org/web/20040904222029/http://www.cityofsierramadre.com/
421,SB978-522,Signal Hill Police Department,https://web.archive.org/web/20070818165133/http://www.cityofsignalhill.org/
422,SB978-523,Simi Valley Police Department,https://web.archive.org/web/20000304111954/http://www.simivalley.org/
423,SB978-525,Siskiyou County Sheriff's Department,https://web.archive.org/web/19991103045516/http://www.co.siskiyou.ca.us/
424,SB978-529,Solano County Sheriff's Department,https://web.archive.org/web/19981202142800/http://www.solanocounty.com/
425,SB978-531,Soledad Police Department,https://web.archive.org/web/20010202054200/http://www.cityofsoledad.com/
426,SB978-534,Sonoma County Probation Department,https://web.archive.org/web/20130427073820/http://sonomacounty.ca.gov/
427,SB978-535,Sonoma County Sheriff's Office,https://web.archive.org/web/19990424155214/http://www.sonomasheriff.org/
428,SB978-536,Sonoma Police Department,https://web.archive.org/web/19990424155214/http://www.sonomasheriff.org/
429,SB978-537,Sonora Police Department,https://web.archive.org/web/20060910204026/http://www.sonorapd.com/
430,SB978-538,South Gate Police Department,https://web.archive.org/web/19981212023814/http://www.cityofsouthgate.org/
431,SB978-539,South Lake Tahoe Police Department,https://web.archive.org/web/20030727093432/http://www.cityofslt.us/
432,SB978-540,South Pasadena Police Department,https://web.archive.org/web/20130510182252/http://southpasadenaca.gov
433,SB978-541,South San Francisco Police Department,https://web.archive.org/web/19990208020521/http://www.ssf.net/
434,SB978-542,Southwestern Community College Police Department,https://web.archive.org/web/20050924190958/http://swccd.edu/
435,SB978-544,Stanford University Department of Public Safety,https://web.archive.org/web/20010511051818/http://police.stanford.edu/
436,SB978-546,Stanislaus County Sheriff's Department,https://web.archive.org/web/20110121135222/http://www.scsdonline.com/
437,SB978-548,Stockton Police Department,https://web.archive.org/web/20180520072355/http://ww1.stocktonca.gov/
438,SB978-551,Suisun City Police Department,https://web.archive.org/web/20110824215400/http://police.suisun.com/
439,SB978-552,Sunnyvale Department of Public Safety,https://web.archive.org/web/20031003025130/http://sunnyvale.ca.gov/
440,SB978-556,Sutter County Sheriff's Department,https://web.archive.org/web/20000815210918/http://www.suttercounty.org/
441,SB978-558,Taft Police Department,https://web.archive.org/web/20021205122942/http://www.cityoftaft.org/
442,SB978-559,Tehachapi Police Department,https://web.archive.org/web/20190106205243/http://liveuptehachapi.com/29/Tehachapi-Police-Department
443,SB978-561,Tehama County Sheriff's Department,https://web.archive.org/web/20000817022948/http://www.tehamaso.org/
444,SB978-563,Tiburon Police Department,https://web.archive.org/web/20160318183248/http://www.townoftiburon.org/159/Police
445,SB978-564,Torrance Police Department,https://web.archive.org/web/20170718153506/http://www.torranceca.gov/our-city/police
446,SB978-565,Tracy Police Department,https://web.archive.org/web/20220127143830/https://www.cityoftracy.org/our-city/departments/police-department
447,SB978-569,Trinity County Sheriff's Department,https://web.archive.org/web/20180917111421/http://www.trinitycounty.org/Sheriff-Department
448,SB978-570,Truckee Police Department,https://web.archive.org/web/20070118181359/http://www.truckeepolice.com/
449,SB978-573,Tulare County Sheriff's Department,https://web.archive.org/web/20070109173146/http://www.tularecounty.ca.gov/
450,SB978-574,Tulare Police Department,https://web.archive.org/web/20210415032348/https://www.tulare.ca.gov/government/departments/police
451,SB978-577,Tuolumne County Sheriff's Department,https://web.archive.org/web/20180913120059/https://www.tuolumnecounty.ca.gov/341/Sheriffs-Office
452,SB978-578,Turlock Police Department,https://web.archive.org/web/20170812212701/http://www.cityofturlock.org/policedepartment/index.asp
453,SB978-579,Tustin Police Department,https://web.archive.org/web/19991023103309/http://www.tustinca.org/
454,SB978-580,Twin Rivers Unified School District Police Services,https://web.archive.org/web/20080415044442/http://www.twinriversusd.org/
455,SB978-581,UC Berkeley Police Department,https://web.archive.org/web/20130510190211/http://ucpd.berkeley.edu
456,SB978-582,UC Davis Police Department,https://web.archive.org/web/19971221154713/http://police.ucdavis.edu/
457,SB978-583,UC Irvine Police Department,https://web.archive.org/web/20000303095011/http://www.police.uci.edu/
458,SB978-584,UC Los Angeles Police Department,https://web.archive.org/web/20170801045954/https://police.ucla.edu/
459,SB978-585,UC Merced Police Department,https://web.archive.org/web/20060913075254/http://police.ucmerced.edu/
460,SB978-586,UC Riverside Police Department,https://web.archive.org/web/19980704021754/http://www.police.ucr.edu/
461,SB978-587,UC San Diego Police Department,https://web.archive.org/web/20000823010143/http://police.ucsd.edu/
462,SB978-588,UC San Francisco Police Department,https://web.archive.org/web/19990125102246/http://www.police.ucsf.edu/
463,SB978-589,UC Santa Barbara Police Department,https://web.archive.org/web/19981212020447/http://police.ucsb.edu/
464,SB978-590,UC Santa Cruz Police Department,https://web.archive.org/web/20060415005446/http://police.ucsc.edu/
465,SB978-591,Ukiah Police Department,https://web.archive.org/web/20120909210526/http://ukiahpolice.com/
466,SB978-592,Union City Police Department,https://web.archive.org/web/20190119073831/https://www.unioncity.org/197/Police
467,SB978-597,Upland Police Department,https://web.archive.org/web/20100327212908/http://uplandca.gov/
468,SB978-598,Vacaville Police Department,https://web.archive.org/web/19981111190208/http://www.ci.vacaville.ca.us/
469,SB978-600,Vallejo Police Department,https://web.archive.org/web/20201023215040/https://vallejopd.net/
470,SB978-601,Ventura County Community College District Police Department,https://web.archive.org/web/20051124052551/http://www.vcccd.edu/
471,SB978-602,Ventura County District Attorney,https://web.archive.org/web/20130616062851/http://www.vcdistrictattorney.com/
472,SB978-603,Ventura County Sheriff's Department,https://web.archive.org/web/20181121141225/https://www.venturasheriff.org/
473,SB978-605,Ventura Police Department,https://web.archive.org/web/20170525063634/https://www.cityofventura.ca.gov/
474,SB978-606,Vernon Police Department,https://web.archive.org/web/20010302031515/http://www.cityofvernon.org/
475,SB978-607,Victor Valley College Police Department,https://web.archive.org/web/20021004052615/http://www.vvc.edu/
476,SB978-608,Visalia Police Department,https://web.archive.org/web/20150503062135/http://www.visalia.city/depts/police/default.asp
477,SB978-609,Walnut Creek Police Department,https://web.archive.org/web/20180206083408/http://walnut-creek.org/departments/public-safety/police
478,SB978-610,Watsonville Police Department,https://web.archive.org/web/20220626012125/https://www.cityofwatsonville.org/2324/Police
479,SB978-611,Weed Police Department,https://web.archive.org/web/20200223072942/https://www.ci.weed.ca.us/police
480,SB978-612,West Cities Police Communications Center,https://web.archive.org/web/20010718123317/http://www.west-comm.org/
481,SB978-613,West Covina Police Department,https://web.archive.org/web/19970406123105/http://www.wcpd.org/
482,SB978-614,West Sacramento Police Department,https://web.archive.org/web/20180711221200/https://www.cityofwestsacramento.org/government/departments/police
483,SB978-615,West Valley-Mission Community College District Police Department,https://web.archive.org/web/20171016023841/https://www.wvm.edu/services/police/Pages/default.aspx
484,SB978-616,Westminster Police Department,https://web.archive.org/web/20210327101513/https://www.westminster-ca.gov/departments/police
485,SB978-618,Wheatland Police Department,https://web.archive.org/web/20160807183625/http://www.wheatland.ca.gov/departments/police/
486,SB978-620,Whittier Police Department,https://web.archive.org/web/20181029170725/https://www.cityofwhittier.org/government/police
487,SB978-622,Willits Police Department,https://web.archive.org/web/20190718230110/https://cityofwillits.org/148/Police/
488,SB978-623,Windsor Police Department,https://web.archive.org/web/20161110171305/http://www.townofwindsor.com/174/Police-Department
489,SB978-624,Winters Police Department,https://web.archive.org/web/20010304064210/http://www.winterspolice.org/
490,SB978-626,Woodland Police Department,https://web.archive.org/web/20010808065232/http://www.cityofwoodland.org/
491,SB978-627,Yolo County District Attorney,https://web.archive.org/web/20010405052338/http://www.yoloda.org/
492,SB978-628,Yolo County Sheriff's Department,https://web.archive.org/web/20020928191924/http://www.yolocountysheriff.com/
493,SB978-629,Yreka Police Department,https://web.archive.org/web/20090310232942/http://www.ci.yreka.ca.us/
494,SB978-630,Yuba City Police Department,https://web.archive.org/web/20160402115655/http://www.yubacity.net/city_hall/departments/police_department
495,SB978-633,Yuba County Sheriff's Department,https://web.archive.org/web/20070311220753/http://sheriff.co.yuba.ca.us/
